Order,PID,MS SubClass,MS Zoning,Lot Frontage,Lot Area,Street,Alley,Lot Shape,Land Contour,Utilities,Lot Config,Land Slope,Neighborhood,Condition 1,Condition 2,Bldg Type,House Style,Overall Qual,Overall Cond,Year Built,Year Remod/Add,Roof Style,Roof Matl,Exterior 1st,Exterior 2nd,Mas Vnr Type,Mas Vnr Area,Exter Qual,Exter Cond,Foundation,Bsmt Qual,Bsmt Cond,Bsmt Exposure,BsmtFin Type 1,BsmtFin SF 1,BsmtFin Type 2,BsmtFin SF 2,Bsmt Unf SF,Total Bsmt SF,Heating,Heating QC,Central Air,Electrical,1st Flr SF,2nd Flr SF,Low Qual Fin SF,Gr Liv Area,Bsmt Full Bath,Bsmt Half Bath,Full Bath,Half Bath,Bedroom AbvGr,Kitchen AbvGr,Kitchen Qual,TotRms AbvGrd,Functional,Fireplaces,Fireplace Qu,Garage Type,Garage Yr Blt,Garage Finish,Garage Cars,Garage Area,Garage Qual,Garage Cond,Paved Drive,Wood Deck SF,Open Porch SF,Enclosed Porch,3Ssn Porch,Screen Porch,Pool Area,Pool QC,Fence,Misc Feature,Misc Val,Mo Sold,Yr Sold,Sale Type,Sale Condition,SalePrice
1,526301100,20,RL,141,31770,Pave,NA,IR1,Lvl,AllPub,Corner,Gtl,NAmes,Norm,Norm,1Fam,1Story,6,5,1960,1960,Hip,CompShg,BrkFace,Plywood,Stone,112,TA,TA,CBlock,TA,Gd,Gd,BLQ,639,Unf,0,441,1080,GasA,Fa,Y,SBrkr,1656,0,0,1656,1,0,1,0,3,1,TA,7,Typ,2,Gd,Attchd,1960,Fin,2,528,TA,TA,P,210,62,0,0,0,0,NA,NA,NA,0,5,2010,WD ,Normal,215000
13,527166040,60,RL,63,8402,Pave,NA,IR1,Lvl,AllPub,Inside,Gtl,Gilbert,Norm,Norm,1Fam,2Story,6,5,1998,1998,Gable,CompShg,VinylSd,VinylSd,None,0,TA,TA,PConc,Gd,TA,No,Unf,0,Unf,0,789,789,GasA,Gd,Y,SBrkr,789,676,0,1465,0,0,2,1,3,1,TA,7,Typ,1,Gd,Attchd,1998,Fin,2,393,TA,TA,Y,0,75,0,0,0,0,NA,NA,NA,0,5,2010,WD ,Normal,180400
38,528112020,20,RL,98,11478,Pave,NA,Reg,Lvl,AllPub,Inside,Gtl,NridgHt,Norm,Norm,1Fam,1Story,8,5,2007,2008,Gable,CompShg,VinylSd,VinylSd,Stone,200,Gd,TA,PConc,Ex,TA,No,GLQ,1218,Unf,0,486,1704,GasA,Ex,Y,SBrkr,1704,0,0,1704,1,0,2,0,3,1,Gd,7,Typ,1,Gd,Attchd,2008,RFn,3,772,TA,TA,Y,0,50,0,0,0,0,NA,NA,NA,0,5,2010,WD ,Normal,306000
56,528240070,60,RL,,7851,Pave,NA,Reg,Lvl,AllPub,Inside,Gtl,Gilbert,Norm,Norm,1Fam,2Story,6,5,2002,2002,Gable,CompShg,VinylSd,VinylSd,,,Gd,TA,PConc,Gd,TA,No,GLQ,625,Unf,0,235,860,GasA,Ex,Y,SBrkr,860,1100,0,1960,1,0,2,1,4,1,Gd,8,Typ,2,TA,BuiltIn,2002,Fin,2,440,TA,TA,Y,288,48,0,0,0,0,NA,NA,NA,0,5,2010,WD ,Normal,216500
59,528292020,60,RL,,9505,Pave,NA,IR1,Lvl,AllPub,CulDSac,Gtl,Gilbert,Norm,Norm,1Fam,2Story,7,5,2001,2001,Gable,CompShg,VinylSd,VinylSd,BrkFace,180,Gd,TA,PConc,Gd,TA,No,Unf,0,Unf,0,884,884,GasA,Ex,Y,SBrkr,884,1151,0,2035,0,0,2,1,3,1,Gd,8,Typ,1,Gd,BuiltIn,2001,Fin,2,434,TA,TA,Y,144,48,0,0,0,0,NA,NA,NA,0,5,2010,WD ,Normal,222500
60,528328100,60,RL,108,14774,Pave,NA,IR1,Lvl,AllPub,Corner,Gtl,NoRidge,Norm,Norm,1Fam,2Story,9,5,1999,1999,Gable,CompShg,VinylSd,VinylSd,BrkFace,165,Gd,TA,PConc,Gd,TA,No,Unf,0,Unf,0,1393,1393,GasA,Ex,Y,SBrkr,1422,1177,0,2599,0,0,2,1,4,1,Gd,10,Typ,1,TA,BuiltIn,1999,Fin,3,779,TA,TA,Y,668,30,0,0,0,0,NA,NA,NA,0,5,2010,WD ,Normal,333168
67,528445060,20,RL,73,8987,Pave,NA,Reg,Lvl,AllPub,Inside,Gtl,Somerst,Norm,Norm,1Fam,1Story,8,5,2005,2006,Gable,CompShg,VinylSd,VinylSd,BrkFace,226,Gd,TA,PConc,Gd,TA,,Unf,0,Unf,0,1595,1595,GasA,Ex,Y,SBrkr,1595,0,0,1595,0,0,2,0,2,1,Gd,6,Typ,1,Gd,Attchd,2005,RFn,3,880,TA,TA,Y,144,0,0,0,0,0,NA,NA,NA,0,5,2010,WD ,Normal,221500
71,528477080,60,FV,100,12552,Pave,NA,Reg,Lvl,AllPub,Corner,Gtl,Somerst,Norm,Norm,1Fam,2Story,7,5,2004,2005,Gable,CompShg,VinylSd,VinylSd,None,0,Gd,TA,PConc,Gd,TA,No,GLQ,222,Unf,0,769,991,GasA,Ex,Y,SBrkr,991,956,0,1947,0,0,2,1,3,1,Gd,8,Typ,1,Gd,Attchd,2004,RFn,2,678,TA,TA,Y,0,136,0,0,0,0,NA,GdWo,NA,0,5,2010,WD ,Normal,254900
72,528480090,20,FV,84,10440,Pave,NA,Reg,Lvl,AllPub,Corner,Gtl,Somerst,Norm,Norm,1Fam,1Story,6,5,2005,2005,Gable,CompShg,VinylSd,VinylSd,None,0,Gd,TA,PConc,Ex,TA,No,GLQ,1414,Unf,0,54,1468,GasA,Ex,Y,SBrkr,1468,0,0,1468,1,0,2,0,2,1,Gd,6,Typ,1,Gd,Attchd,2005,Fin,2,528,TA,TA,Y,0,102,0,0,216,0,NA,NA,NA,0,5,2010,WD ,Normal,271500
75,531380080,60,RL,,8880,Pave,NA,IR1,Lvl,AllPub,Inside,Gtl,SawyerW,Norm,Norm,1Fam,2Story,7,5,1994,2002,Gable,CompShg,VinylSd,VinylSd,None,0,Gd,TA,PConc,Gd,TA,No,GLQ,695,Unf,0,253,948,GasA,Ex,Y,SBrkr,1222,888,0,2110,1,0,2,1,3,1,Gd,8,Typ,2,Fa,Attchd,1994,RFn,2,463,TA,TA,Y,0,130,0,0,0,0,NA,NA,NA,0,5,2010,WD ,Normal,205000
77,531451280,60,RL,70,11218,Pave,NA,Reg,Lvl,AllPub,Inside,Gtl,SawyerW,Norm,Norm,1Fam,2Story,6,5,1992,1992,Gable,CompShg,Wd Sdng,Wd Sdng,None,0,Gd,TA,PConc,Gd,TA,No,Unf,0,Unf,0,1055,1055,GasA,Ex,Y,SBrkr,1055,790,0,1845,0,0,2,1,3,1,Gd,8,Typ,1,TA,Attchd,1992,RFn,2,462,TA,TA,Y,635,104,0,0,0,0,NA,GdPrv,Shed,400,5,2010,WD ,Normal,189000
81,531453010,20,RL,81,9672,Pave,NA,Reg,Lvl,AllPub,Corner,Gtl,SawyerW,Norm,Norm,1Fam,1Story,6,5,1984,1985,Hip,CompShg,HdBoard,Plywood,None,0,TA,TA,PConc,Gd,TA,No,GLQ,338,Unf,0,702,1040,GasA,TA,Y,SBrkr,1097,0,0,1097,0,0,2,0,3,1,TA,6,Typ,0,NA,Attchd,1986,Unf,2,480,TA,TA,Y,0,0,0,0,0,0,NA,GdPrv,NA,0,5,2010,WD ,Normal,152000
111,534129040,20,RL,,10456,Pave,NA,IR1,Lvl,AllPub,Inside,Gtl,NWAmes,Norm,Norm,1Fam,1Story,6,6,1967,1967,Hip,CompShg,HdBoard,HdBoard,BrkFace,120,TA,TA,CBlock,TA,TA,No,GLQ,506,Unf,0,1323,1829,GasA,Gd,Y,SBrkr,1829,0,0,1829,1,0,2,0,4,1,TA,8,Typ,0,NA,Attchd,1967,RFn,2,535,TA,TA,Y,0,76,0,0,0,0,NA,NA,NA,0,5,2010,WD ,Normal,218500
131,534451150,30,RL,55,5350,Pave,NA,IR1,Lvl,AllPub,Inside,Gtl,BrkSide,Norm,Norm,1Fam,1Story,3,2,1940,1966,Gable,CompShg,Wd Sdng,Plywood,None,0,TA,Po,CBlock,TA,TA,No,Unf,0,Unf,0,728,728,GasA,Ex,Y,SBrkr,1306,0,0,1306,0,0,1,0,3,1,Fa,6,Mod,0,NA,NA,,NA,0,0,NA,NA,Y,263,0,0,0,0,0,NA,GdWo,Shed,450,5,2010,WD ,Normal,76500
141,535152130,20,RL,,8050,Pave,NA,IR1,Lvl,AllPub,Inside,Gtl,NAmes,Norm,Norm,1Fam,1Story,5,5,1959,1959,Hip,CompShg,MetalSd,MetalSd,BrkFace,150,TA,TA,CBlock,TA,TA,No,BLQ,856,Rec,162,125,1143,GasA,TA,Y,SBrkr,1143,0,0,1143,1,0,1,0,3,1,TA,6,Typ,0,NA,Attchd,1959,RFn,1,308,TA,TA,Y,0,0,0,0,0,0,NA,GdPrv,NA,0,5,2010,WD ,Normal,136000
147,535175180,20,RL,87,10725,Pave,NA,IR1,Lvl,AllPub,Inside,Gtl,NAmes,Norm,Norm,1Fam,1Story,5,5,1959,1959,Hip,CompShg,MetalSd,MetalSd,BrkFace,91,TA,TA,CBlock,TA,TA,No,Rec,936,Unf,0,270,1206,GasA,Fa,Y,SBrkr,1206,0,0,1206,0,0,1,0,3,1,TA,6,Typ,0,NA,Attchd,1959,RFn,1,312,TA,TA,Y,0,21,0,0,0,0,NA,NA,NA,0,5,2010,WD ,Normal,108538
150,535302080,20,RL,60,10950,Pave,NA,Reg,Lvl,AllPub,Inside,Gtl,NAmes,Norm,Norm,1Fam,1Story,5,7,1952,1952,Gable,CompShg,WdShing,Wd Shng,None,0,TA,TA,CBlock,TA,TA,No,BLQ,339,Unf,0,525,864,GasA,TA,Y,SBrkr,1064,0,0,1064,0,1,1,0,2,1,Fa,4,Typ,0,NA,Detchd,1952,Unf,1,318,TA,TA,Y,0,0,0,0,0,0,NA,NA,NA,0,5,2010,WD ,Normal,135000
156,535350030,20,RL,85,10200,Pave,NA,Reg,Lvl,AllPub,Inside,Gtl,NAmes,Norm,Norm,1Fam,1Story,5,7,1954,2003,Gable,CompShg,Wd Sdng,Wd Sdng,BrkFace,104,TA,TA,CBlock,TA,TA,No,ALQ,320,BLQ,362,404,1086,GasA,Gd,Y,SBrkr,1086,0,0,1086,1,0,1,0,3,1,TA,6,Typ,0,NA,Attchd,1989,Unf,2,490,TA,TA,Y,0,0,0,0,0,0,NA,GdWo,NA,0,5,2010,WD ,Normal,144900
157,535350040,20,RL,74,5868,Pave,NA,Reg,Lvl,AllPub,Inside,Gtl,NAmes,Norm,Norm,1Fam,1Story,5,7,1956,2000,Gable,CompShg,MetalSd,MetalSd,None,0,TA,TA,CBlock,TA,TA,No,BLQ,248,Rec,240,448,936,GasA,Ex,Y,SBrkr,936,0,0,936,1,0,1,0,2,1,TA,4,Typ,0,NA,Attchd,1956,Fin,1,308,TA,TA,Y,0,0,80,0,160,0,NA,NA,NA,0,5,2010,WD ,Normal,129000
162,535450210,50,RL,60,8064,Pave,NA,Reg,Lvl,AllPub,Inside,Gtl,NAmes,Artery,Norm,1Fam,1.5Fin,6,8,1948,2004,Gable,CompShg,WdShing,Wd Shng,None,0,TA,TA,CBlock,TA,TA,No,ALQ,481,Rec,174,161,816,GasA,TA,Y,SBrkr,816,408,0,1224,1,0,1,0,3,1,TA,5,Typ,0,NA,Detchd,1950,Unf,1,280,TA,TA,Y,414,0,0,0,0,0,NA,GdWo,NA,0,5,2010,WD ,Normal,132000
163,535453070,20,RL,75,7500,Pave,NA,Reg,Lvl,AllPub,Inside,Gtl,NAmes,Norm,Norm,1Fam,1Story,5,7,1959,1994,Hip,CompShg,BrkFace,BrkFace,None,0,TA,TA,CBlock,TA,TA,No,LwQ,340,Rec,906,0,1246,GasA,Ex,Y,SBrkr,1246,0,0,1246,1,0,1,1,3,1,Gd,6,Typ,0,NA,Attchd,1959,RFn,1,305,TA,TA,Y,218,0,0,0,0,0,NA,GdPrv,NA,0,5,2010,WD ,Normal,154000
165,535456110,20,RL,60,7200,Pave,NA,Reg,Lvl,AllPub,Corner,Gtl,NAmes,Norm,Norm,1Fam,1Story,5,7,1951,2000,Gable,CompShg,Wd Sdng,Wd Sdng,None,0,TA,TA,CBlock,TA,TA,Mn,BLQ,234,Rec,486,180,900,GasA,TA,Y,SBrkr,900,0,0,900,0,1,1,0,3,1,Gd,5,Typ,0,NA,Detchd,2005,Unf,2,576,TA,TA,Y,222,32,0,0,0,0,NA,NA,NA,0,5,2010,WD ,Normal,134800
168,535476350,20,RL,80,9760,Pave,NA,Reg,Lvl,AllPub,Inside,Mod,NAmes,Norm,Norm,1Fam,1Story,6,7,1963,1984,Hip,CompShg,Wd Sdng,Wd Sdng,BrkFace,218,TA,TA,CBlock,TA,TA,Gd,BLQ,717,LwQ,263,415,1395,GasA,TA,Y,SBrkr,1395,0,0,1395,1,0,1,0,2,1,TA,7,Min1,1,TA,Attchd,1963,RFn,2,440,TA,TA,Y,657,0,113,0,240,0,NA,NA,NA,0,5,2010,WD ,Normal,192000
172,902106130,30,RM,56,4485,Pave,Grvl,Reg,Lvl,AllPub,Inside,Gtl,OldTown,Artery,Norm,1Fam,1Story,5,7,1920,1950,Gable,CompShg,Wd Sdng,Wd Sdng,None,0,TA,TA,PConc,TA,TA,No,BLQ,579,Unf,0,357,936,GasA,TA,Y,SBrkr,936,0,0,936,1,0,1,0,2,1,TA,5,Typ,1,Gd,NA,,NA,0,0,NA,NA,P,51,0,135,0,0,0,NA,MnPrv,NA,0,5,2010,WD ,Normal,109500
175,902125080,50,RM,60,5790,Pave,NA,Reg,Lvl,AllPub,Corner,Gtl,OldTown,Norm,Norm,1Fam,2Story,3,6,1915,1950,Gambrel,CompShg,VinylSd,VinylSd,None,0,Gd,Gd,CBlock,Fa,TA,No,Unf,0,Unf,0,840,840,GasA,Gd,N,SBrkr,840,765,0,1605,0,0,2,0,3,2,TA,8,Typ,0,NA,Detchd,1915,Unf,1,379,TA,TA,Y,0,0,202,0,0,0,NA,NA,NA,0,5,2010,WD ,Normal,107400
183,902207140,30,RM,60,8520,Pave,NA,Reg,Lvl,AllPub,Inside,Gtl,OldTown,Norm,Norm,1Fam,1Story,6,8,1928,2003,Gable,CompShg,VinylSd,VinylSd,None,0,TA,Gd,BrkTil,TA,TA,No,Unf,0,Unf,0,624,624,GasA,Gd,Y,SBrkr,720,0,0,720,0,0,1,0,2,1,TA,5,Typ,0,NA,Detchd,2005,Unf,2,484,TA,TA,Y,106,0,0,0,0,0,NA,NA,NA,0,5,2010,WD ,Normal,105900
193,903206120,75,RL,,7793,Pave,NA,IR1,Bnk,AllPub,Corner,Gtl,BrkSide,Norm,Norm,1Fam,2.5Unf,7,7,1922,2005,Gable,CompShg,Wd Sdng,Wd Sdng,None,0,TA,TA,BrkTil,Gd,TA,No,BLQ,474,Unf,0,634,1108,GasA,TA,N,FuseA,1160,908,0,2068,0,0,1,1,3,1,Gd,8,Typ,1,Gd,Detchd,1928,Unf,1,315,TA,TA,Y,0,0,60,0,0,0,NA,NA,NA,0,5,2010,WD ,Normal,209500
199,903232190,50,RM,52,6240,Pave,NA,Reg,Lvl,AllPub,Inside,Gtl,BrkSide,Norm,Norm,1Fam,1.5Fin,5,7,1936,1980,Gable,CompShg,VinylSd,VinylSd,None,0,TA,TA,CBlock,TA,Fa,No,Rec,276,Unf,0,252,528,GasA,Gd,Y,SBrkr,548,492,0,1040,0,0,1,0,2,1,TA,5,Typ,0,NA,Detchd,1979,Fin,2,624,TA,TA,P,306,0,32,0,0,0,NA,NA,NA,0,5,2010,WD ,Normal,123900
204,903426200,70,RM,60,12900,Pave,Grvl,Reg,Lvl,AllPub,Inside,Gtl,OldTown,Norm,Norm,1Fam,2Story,6,8,1912,2009,Gable,CompShg,Wd Sdng,Wd Sdng,None,0,Gd,Gd,PConc,TA,TA,No,Unf,0,Unf,0,780,780,GasA,Ex,Y,SBrkr,780,780,0,1560,0,0,1,1,3,1,Gd,7,Typ,0,NA,NA,,NA,0,0,NA,NA,N,344,0,0,0,168,0,NA,NA,NA,0,5,2010,WD ,Normal,159900
210,904101110,20,RL,100,15263,Pave,NA,IR1,Lvl,AllPub,Inside,Gtl,ClearCr,Feedr,Norm,1Fam,1Story,5,5,1959,1959,Gable,CompShg,HdBoard,HdBoard,BrkFace,90,TA,TA,CBlock,Gd,TA,No,Rec,766,Unf,0,656,1422,GasA,Gd,Y,SBrkr,1675,0,0,1675,0,0,2,0,3,1,TA,8,Typ,2,Gd,Attchd,1959,Unf,1,365,TA,TA,Y,0,132,0,0,0,0,NA,NA,NA,0,5,2010,WD ,Normal,173000
216,905101100,50,RL,54,6342,Pave,NA,Reg,Lvl,AllPub,Inside,Gtl,Sawyer,Feedr,Norm,1Fam,1.5Fin,5,8,1875,1996,Gable,CompShg,VinylSd,VinylSd,None,0,TA,Gd,CBlock,TA,TA,No,Unf,0,Unf,0,780,780,GasA,Gd,N,SBrkr,780,240,0,1020,0,0,1,0,2,1,TA,6,Typ,0,NA,NA,,NA,0,0,NA,NA,N,0,0,176,0,0,0,NA,NA,NA,0,5,2010,WD ,Normal,94000
220,905103060,20,RL,,11341,Pave,NA,IR1,Lvl,AllPub,Inside,Gtl,Sawyer,Norm,Norm,1Fam,1Story,5,6,1957,1996,Hip,CompShg,Wd Sdng,Wd Sdng,BrkFace,180,TA,TA,CBlock,Gd,TA,No,ALQ,1302,Unf,0,90,1392,GasA,TA,Y,SBrkr,1392,0,0,1392,1,0,1,1,3,1,TA,5,Mod,1,Gd,Detchd,1957,Unf,2,528,TA,TA,Y,0,0,0,0,95,0,NA,NA,NA,0,5,2010,WD ,Normal,121500
221,905104210,20,RL,70,8521,Pave,NA,Reg,Lvl,AllPub,FR2,Gtl,Sawyer,Feedr,Norm,1Fam,1Story,5,5,1967,1967,Gable,CompShg,HdBoard,HdBoard,None,0,TA,TA,CBlock,TA,TA,No,ALQ,842,Unf,0,70,912,GasA,TA,Y,SBrkr,912,0,0,912,0,0,1,0,3,1,TA,5,Typ,1,Fa,Detchd,1974,Unf,1,336,TA,TA,Y,0,0,0,0,0,0,NA,MnPrv,NA,0,5,2010,WD ,Normal,125000
222,905105070,20,RL,,8246,Pave,NA,IR1,Lvl,AllPub,Inside,Gtl,Sawyer,Norm,Norm,1Fam,1Story,5,8,1968,2001,Gable,CompShg,Plywood,Plywood,None,0,TA,Gd,CBlock,TA,TA,Mn,Rec,188,ALQ,668,204,1060,GasA,Ex,Y,SBrkr,1060,0,0,1060,1,0,1,0,3,1,Gd,6,Typ,1,TA,Attchd,1968,Unf,1,270,TA,TA,Y,406,90,0,0,0,0,NA,MnPrv,NA,0,5,2010,WD ,Normal,154000
225,905106170,20,RL,65,7832,Pave,NA,Reg,Lvl,AllPub,Inside,Gtl,Sawyer,Norm,Norm,1Fam,1Story,5,5,1968,1968,Hip,CompShg,HdBoard,HdBoard,None,0,TA,TA,CBlock,TA,TA,No,GLQ,775,Unf,0,89,864,GasA,Ex,Y,SBrkr,864,0,0,864,1,0,1,0,2,1,TA,4,Typ,0,NA,Detchd,1969,Unf,1,280,TA,TA,Y,226,0,0,0,0,0,NA,NA,NA,0,5,2010,WD ,Normal,137250
234,905352140,60,RL,,17082,Pave,NA,IR1,Low,AllPub,CulDSac,Mod,ClearCr,Norm,Norm,1Fam,2Story,6,5,1978,1992,Gable,CompShg,VinylSd,VinylSd,BrkFace,288,TA,TA,PConc,Gd,TA,Av,ALQ,964,Unf,0,153,1117,GasA,Ex,Y,SBrkr,1117,864,0,1981,1,0,2,1,4,1,Gd,8,Typ,1,TA,Attchd,1978,Fin,2,522,TA,TA,Y,336,104,0,0,0,0,NA,NA,NA,0,5,2010,WD ,Normal,230000
247,906204230,60,RL,87,12361,Pave,NA,IR1,Lvl,AllPub,CulDSac,Gtl,SawyerW,Norm,Norm,1Fam,2Story,6,7,1993,1993,Gable,CompShg,VinylSd,VinylSd,BrkFace,85,Gd,Gd,PConc,Gd,TA,No,GLQ,860,Unf,0,86,946,GasA,Ex,Y,SBrkr,964,838,0,1802,0,1,2,1,3,1,Gd,8,Typ,1,Gd,2Types,2000,RFn,4,1017,TA,TA,Y,450,92,0,0,0,0,NA,NA,NA,0,5,2010,WD ,Normal,218000
252,906385010,20,RL,94,10402,Pave,NA,IR1,Lvl,AllPub,Corner,Gtl,CollgCr,Norm,Norm,1Fam,1Story,7,5,2009,2009,Gable,CompShg,VinylSd,VinylSd,None,0,TA,TA,PConc,Gd,TA,No,Unf,0,Unf,0,1226,1226,GasA,Ex,Y,SBrkr,1226,0,0,1226,0,0,2,0,3,1,Gd,6,Typ,0,NA,Attchd,2009,RFn,3,740,TA,TA,Y,0,36,0,0,0,0,NA,NA,NA,0,5,2010,WD ,Normal,198900
254,906402200,60,RL,90,12376,Pave,NA,Reg,Lvl,AllPub,Corner,Gtl,SawyerW,Norm,Norm,1Fam,2Story,7,5,1990,1990,Hip,CompShg,Plywood,Plywood,None,0,TA,TA,PConc,Gd,TA,Mn,GLQ,1470,Unf,0,203,1673,GasA,Gd,Y,SBrkr,1699,1523,0,3222,1,0,3,0,5,1,Gd,11,Typ,2,TA,Attchd,1990,Unf,3,594,TA,TA,Y,367,0,0,0,0,0,NA,NA,NA,0,5,2010,WD ,Normal,320000
264,907250030,20,RL,80,10389,Pave,NA,Reg,Lvl,AllPub,Inside,Gtl,CollgCr,Norm,Norm,1Fam,1Story,8,5,2003,2003,Hip,CompShg,CemntBd,CmentBd,BrkFace,320,Gd,TA,PConc,Gd,TA,No,GLQ,1682,Unf,0,296,1978,GasA,Ex,Y,SBrkr,1978,0,0,1978,1,0,2,1,3,1,Gd,8,Typ,1,Gd,Attchd,2003,RFn,3,850,TA,TA,Y,188,25,0,0,0,0,NA,NA,NA,0,5,2010,WD ,Normal,318000
265,907252120,20,RL,,11423,Pave,NA,Reg,Lvl,AllPub,Inside,Gtl,CollgCr,Norm,Norm,1Fam,1Story,8,5,2001,2002,Gable,CompShg,VinylSd,VinylSd,BrkFace,479,Gd,TA,PConc,Gd,TA,Av,GLQ,1358,Unf,0,223,1581,GasA,Ex,Y,SBrkr,1601,0,0,1601,1,0,2,0,3,1,Gd,6,Typ,1,TA,Attchd,2001,RFn,2,670,TA,TA,Y,180,0,0,0,0,0,NA,MnPrv,Shed,2000,5,2010,WD ,Normal,272000
268,907290040,20,RL,48,12137,Pave,NA,IR2,Lvl,AllPub,CulDSac,Gtl,CollgCr,Norm,Norm,1Fam,1Story,7,5,1998,1998,Gable,CompShg,VinylSd,VinylSd,BrkFace,442,TA,TA,PConc,Gd,TA,No,Unf,0,Unf,0,1649,1649,GasA,Ex,Y,SBrkr,1661,0,0,1661,0,0,2,0,3,1,Gd,6,Typ,0,NA,Attchd,1998,RFn,2,598,TA,TA,Y,0,34,0,0,0,0,NA,NA,NA,0,5,2010,WD ,Normal,224900
271,907401090,20,RL,48,10635,Pave,NA,IR2,Lvl,AllPub,FR2,Gtl,CollgCr,Norm,Norm,1Fam,1Story,8,5,2003,2003,Hip,CompShg,VinylSd,VinylSd,BrkFace,171,Gd,TA,PConc,Gd,TA,Av,BLQ,370,GLQ,972,315,1657,GasA,Ex,Y,SBrkr,1668,0,0,1668,1,0,2,0,3,1,Gd,8,Typ,1,TA,Attchd,2003,Fin,2,502,TA,TA,Y,0,262,0,0,0,0,NA,NA,NA,0,5,2010,WD ,Normal,232000
272,907410080,20,RL,70,8400,Pave,NA,Reg,Lvl,AllPub,Inside,Gtl,CollgCr,Norm,Norm,1Fam,1Story,7,5,2004,2005,Gable,CompShg,VinylSd,VinylSd,BrkFace,109,Gd,TA,PConc,Gd,TA,Av,GLQ,712,Unf,0,761,1473,GasA,Ex,Y,SBrkr,1484,0,0,1484,1,0,2,0,3,1,Gd,7,Typ,0,NA,Attchd,2004,RFn,2,606,TA,TA,Y,0,35,0,144,0,0,NA,NA,NA,0,5,2010,WD ,Normal,213000
273,907414030,20,RL,65,8773,Pave,NA,Reg,Lvl,AllPub,FR2,Gtl,CollgCr,Norm,Norm,1Fam,1Story,7,5,2004,2004,Gable,CompShg,VinylSd,VinylSd,BrkFace,98,Gd,TA,PConc,Gd,TA,Av,GLQ,24,Unf,0,1390,1414,GasA,Ex,Y,SBrkr,1414,0,0,1414,0,0,2,0,3,1,Gd,6,Typ,0,NA,Attchd,2004,RFn,2,494,TA,TA,Y,132,105,0,0,0,0,NA,NA,NA,0,5,2010,WD ,Normal,185500
281,908203100,20,RL,64,6410,Pave,NA,Reg,HLS,AllPub,Inside,Gtl,Edwards,Norm,Norm,1Fam,1Story,4,5,1958,1958,Hip,CompShg,WdShing,Wd Shng,None,0,TA,TA,CBlock,TA,TA,No,Unf,0,Unf,0,960,960,GasA,Ex,Y,SBrkr,960,0,0,960,0,0,1,0,3,1,TA,5,Typ,0,NA,NA,,NA,0,0,NA,NA,Y,0,0,0,0,0,0,NA,MnPrv,NA,0,5,2010,WD ,Normal,90000
285,908275300,20,RL,68,8562,Pave,NA,Reg,Lvl,AllPub,Inside,Mod,Edwards,Norm,Norm,1Fam,1Story,5,6,1957,2002,Hip,CompShg,HdBoard,HdBoard,Stone,145,TA,TA,CBlock,TA,TA,Av,Rec,383,Unf,0,833,1216,GasA,Ex,Y,FuseA,1526,0,0,1526,0,0,1,0,4,1,TA,7,Min2,1,Gd,Basment,1957,Unf,1,364,TA,TA,Y,116,78,0,0,0,0,NA,NA,NA,0,5,2010,WD ,Normal,144500
286,909100080,30,RL,67,4853,Pave,NA,Reg,Bnk,AllPub,Inside,Gtl,SWISU,Artery,Norm,1Fam,1Story,5,6,1924,1999,Gable,CompShg,MetalSd,VinylSd,BrkFace,203,TA,TA,BrkTil,TA,TA,Mn,Rec,133,Unf,0,974,1107,GasA,Fa,N,FuseA,1296,0,0,1296,0,0,2,0,2,1,Fa,5,Typ,1,Gd,Detchd,1979,Unf,1,260,TA,TA,Y,0,0,36,0,0,0,NA,MnPrv,NA,0,5,2010,WD ,Normal,104000
287,909100110,70,RL,66,6858,Pave,NA,Reg,Bnk,AllPub,Corner,Gtl,SWISU,Norm,Norm,1Fam,2Story,6,4,1915,1950,Gable,CompShg,Wd Sdng,Wd Sdng,None,0,TA,TA,PConc,Gd,TA,No,Unf,0,Unf,0,806,806,GasA,TA,N,FuseF,841,806,0,1647,1,0,1,1,4,1,Fa,6,Typ,0,NA,Detchd,1920,Unf,1,216,TA,TA,Y,0,66,136,0,0,0,NA,NA,NA,0,5,2010,WD ,Normal,128000
289,909176140,50,RL,50,5000,Pave,Pave,Reg,Lvl,AllPub,Inside,Gtl,SWISU,Norm,Norm,1Fam,1.5Fin,5,6,1924,1950,Gable,CompShg,BrkFace,Wd Sdng,None,0,TA,TA,BrkTil,TA,TA,No,LwQ,218,Unf,0,808,1026,GasA,TA,Y,SBrkr,1026,665,0,1691,0,0,2,0,3,1,Gd,6,Typ,1,Gd,Detchd,1924,Unf,1,308,TA,TA,Y,0,0,242,0,0,0,NA,NA,NA,0,5,2010,WD ,Normal,127000
292,909250030,50,RL,51,9839,Pave,NA,Reg,Lvl,AllPub,Inside,Gtl,SWISU,Feedr,Norm,1Fam,1.5Fin,5,2,1931,1950,Gable,CompShg,VinylSd,VinylSd,None,0,TA,TA,PConc,TA,Fa,No,Unf,0,Unf,0,894,894,GasA,Ex,Y,SBrkr,894,772,0,1666,1,0,1,0,3,1,TA,7,Typ,1,Gd,NA,,NA,0,0,NA,NA,N,0,156,0,0,0,0,NA,NA,NA,0,5,2010,WD ,Normal,100000
296,909427230,70,RL,66,9042,Pave,NA,Reg,Lvl,AllPub,Inside,Gtl,Crawfor,Norm,Norm,1Fam,2Story,7,9,1941,2006,Gable,CompShg,CemntBd,CmentBd,None,0,Ex,Gd,Stone,TA,Gd,No,GLQ,275,Unf,0,877,1152,GasA,Ex,Y,SBrkr,1188,1152,0,2340,0,0,2,0,4,1,Gd,9,Typ,2,Gd,Attchd,1941,RFn,1,252,TA,TA,Y,0,60,0,0,0,0,NA,GdPrv,Shed,2500,5,2010,WD ,Normal,266500
297,909428280,20,RL,100,17500,Pave,NA,Reg,Lvl,AllPub,Inside,Gtl,Crawfor,PosA,Norm,1Fam,1Story,7,8,1959,2002,Gable,CompShg,BrkFace,HdBoard,None,0,Gd,Gd,PConc,Gd,TA,Av,GLQ,1406,Unf,0,496,1902,GasA,TA,Y,SBrkr,1902,0,0,1902,1,0,2,0,3,1,Ex,7,Typ,2,TA,Attchd,1959,Fin,2,567,TA,TA,Y,0,207,162,0,0,0,NA,NA,NA,0,5,2010,WD ,Normal,335000
302,910202060,50,RM,40,5436,Pave,NA,Reg,Lvl,AllPub,Inside,Gtl,IDOTRR,Norm,Norm,1Fam,1.5Fin,4,8,1922,2007,Gable,CompShg,VinylSd,VinylSd,None,0,TA,Gd,BrkTil,TA,TA,No,BLQ,735,Unf,0,61,796,GasA,Gd,Y,SBrkr,796,358,0,1154,1,0,1,0,3,1,Gd,7,Typ,0,NA,Detchd,1922,Unf,1,240,TA,TA,N,0,96,0,0,0,0,NA,MnPrv,NA,0,5,2010,WD ,Normal,125500
310,914467040,60,RL,85,11050,Pave,NA,Reg,Lvl,AllPub,Inside,Gtl,Mitchel,Norm,Norm,1Fam,2Story,8,5,1998,1999,Gable,CompShg,VinylSd,VinylSd,None,0,Gd,TA,PConc,Gd,TA,No,GLQ,615,Unf,0,434,1049,GasA,Ex,Y,SBrkr,1036,880,0,1916,1,0,2,1,3,1,Gd,8,Typ,1,TA,Attchd,1998,Unf,3,741,TA,TA,Y,0,70,0,0,0,0,NA,NA,NA,0,5,2010,WD ,Normal,254900
311,914475090,80,RL,74,9620,Pave,NA,Reg,Lvl,AllPub,Inside,Gtl,Mitchel,Norm,Norm,1Fam,SLvl,6,7,1977,1977,Gable,CompShg,Plywood,Plywood,None,0,TA,TA,CBlock,TA,TA,No,ALQ,679,Unf,0,564,1243,GasA,TA,Y,SBrkr,1285,0,0,1285,0,1,2,0,3,1,Gd,6,Typ,1,Fa,Attchd,1977,Unf,2,473,TA,TA,Y,375,26,0,0,0,0,NA,GdPrv,Shed,80,5,2010,WD ,Normal,190000
313,914478045,80,RL,,12328,Pave,NA,IR1,Lvl,AllPub,Inside,Gtl,Mitchel,Norm,Norm,1Fam,SLvl,6,5,1976,1976,Gable,CompShg,HdBoard,HdBoard,BrkFace,335,TA,TA,CBlock,TA,TA,Av,GLQ,539,Unf,0,473,1012,GasA,TA,Y,SBrkr,1034,0,0,1034,1,0,1,0,3,1,TA,6,Typ,0,NA,Attchd,1976,Unf,3,888,TA,TA,Y,0,0,0,0,0,0,NA,NA,NA,0,5,2010,WD ,Normal,169900
316,916386010,20,RL,88,11896,Pave,NA,IR1,Lvl,AllPub,Corner,Gtl,Timber,Norm,Norm,1Fam,1Story,7,5,2008,2008,Gable,CompShg,VinylSd,VinylSd,Stone,60,Gd,TA,PConc,Gd,TA,No,GLQ,78,Unf,0,1258,1336,GasA,Ex,Y,SBrkr,1346,0,0,1346,1,0,2,0,3,1,Gd,6,Typ,1,TA,Attchd,2008,Fin,3,660,TA,TA,Y,100,48,0,0,0,0,NA,NA,NA,0,5,2010,WD ,Normal,220000
322,921128020,20,RL,89,13214,Pave,NA,IR1,HLS,AllPub,Inside,Gtl,Timber,Norm,Norm,1Fam,1Story,9,5,2008,2009,Hip,CompShg,Stucco,CmentBd,None,0,Ex,TA,PConc,Ex,TA,Gd,Unf,0,Unf,0,2002,2002,GasA,Ex,Y,SBrkr,2018,0,0,2018,0,0,2,0,3,1,Ex,10,Typ,1,Gd,Attchd,2009,Fin,3,746,TA,TA,Y,144,76,0,0,0,0,NA,NA,NA,0,5,2010,WD ,Normal,378500
